Sl. No.,India/State/UT,Total Schools,Number of School having - Library/Book Bank/Reading Corner,Number of School having - Playground,Number of School having - Digital Library,Number of School having - Kitchen Garden,Number of School having - Girls' Toilet,Number of School having - Functional Girls' Toilet,Number of School having - Boys' Toilet,Number of School having - Functional Boys' Toilet,Number of School having - Electricity,Number of School having - Functional Electricity,Number of School having - Solar Panel,Number of School having - Computer facility,Number of School having - Functional Computer facility for pedagogical purposes,Number of School having - Internet Facility,Number of School having - Drinking Water,Number of School having - Functional Drinking Water,Number of School having - Hand wash facility,Number of School having - Rainwater Harvesting System,Number of School having - Conducting Medical Checkup of Students in Last Academic Year,Number of School having - Ramp,Number of School having - Ramp and Handrails,Number of School having - Schools with CWSN Toilet Facilities
India,India,1466109,1294307,1202097,107886,515323,1411618,1356283,1373880,1308784,1344828,1312345,152352,700023,636425,728042,1442621,1404721,1379302,410435,1089686,1135895,748152,475765
1,Andaman and Nicobar Islands,414,412,402,8,351,414,414,413,410,383,378,15,284,277,209,414,414,414,101,384,255,148,112
2,Andhra Pradesh,61680,61678,61015,8079,52049,60745,60636,53162,52216,61509,61463,5896,57855,56522,61422,61676,61646,61671,58787,61655,59246,39605,13585
3,Arunachal Pradesh,3543,1557,2435,32,793,3218,2448,3252,2410,2426,1980,347,1292,1161,935,2953,2468,1703,164,1487,938,686,365
4,Assam,58876,52520,47458,300,33959,53517,50701,52295,48182,50268,49796,3594,10481,9051,9415,56071,54727,53540,3051,38521,44212,39308,11534
5,Bihar,91447,54535,39735,1061,17413,86904,85225,85502,83216,76731,75083,9193,15411,14860,15381,87575,85402,73217,11827,23914,45294,17740,14141
6,Chandigarh,230,226,225,24,181,229,229,227,227,230,230,167,230,230,228,230,230,230,126,142,207,127,176
7,Chhattisgarh,56333,55318,44450,896,30071,54336,52589,52786,49664,53878,51727,3924,36778,21183,34356,56078,55146,55339,22003,49431,45665,32877,37409
8,Dadra and Nagar Haveli and Daman and Diu,459,459,457,5,365,456,456,453,453,459,459,52,437,436,400,459,459,459,360,438,452,442,422
9,Delhi,5488,5463,5285,283,2278,4637,4637,4709,4709,5488,5488,1639,5463,5449,5488,5488,5488,5487,4937,2831,5360,5360,5459
10,Goa,1504,1503,1369,31,1053,1492,1492,1492,1492,1504,1504,53,817,799,1428,1504,1504,1504,57,795,929,840,115
11,Gujarat,53603,51684,47702,1197,25261,51856,51323,51121,50412,53570,53564,4215,52268,51576,50606,53566,53554,52360,12019,48812,43578,32398,19378
12,Haryana,23561,22952,21241,705,8599,22767,22527,22228,21988,23389,23174,4785,22475,22118,13461,23535,23498,23449,7979,17762,16943,10329,11228
13,Himachal Pradesh,18062,17309,16044,209,6531,17787,17646,17632,17478,17758,17588,1228,7340,6874,6432,18062,18062,17931,1732,7399,13961,11908,4298
14,Jammu and Kashmir,24278,17355,17959,343,4690,22074,19933,21666,19229,22301,21231,4106,9442,8352,9815,24149,23264,22639,1198,17709,10003,3003,1770
15,Jharkhand,44596,42183,32641,776,9288,43870,42875,43074,41954,42740,41460,5797,31524,18582,21330,43885,42785,41455,9735,18123,29493,17545,2661
16,Karnataka,76090,74088,64035,2887,24777,75136,74655,73112,72327,75427,75092,10749,37471,34718,31355,76050,75098,69271,23847,68395,56580,46932,13877
17,Kerala,15934,15733,14539,4699,11353,15828,15812,15631,15600,15919,15914,1879,15821,15782,15525,15926,15897,15904,5198,13931,12984,10442,4698
18,Ladakh,979,949,746,46,173,885,866,903,884,804,779,221,458,426,430,955,905,654,11,732,607,235,188
19,Lakshadweep,37,37,34,2,35,37,37,37,37,37,37,1,37,36,35,37,37,36,21,36,36,29,21
20,Madhya Pradesh,122937,121011,116720,2435,22284,119886,109316,119155,107152,110628,105360,7964,33686,31542,48873,122337,115517,114606,21040,97164,115650,38951,27339
21,Maharashtra,108451,106513,102166,8436,45209,104917,101698,102758,98647,103110,94428,17607,86020,80085,67839,107974,106676,107071,31049,90461,101488,87034,64758
22,Manipur,4627,1136,4042,59,1763,3857,3458,3949,3514,3122,2823,454,1491,1376,1292,4627,4627,3652,1038,1491,1902,987,325
23,Meghalaya,14588,3935,6660,104,1947,11963,10161,12611,10663,4048,3741,543,2478,2253,3282,8240,7157,5784,1385,6350,4581,3174,402
24,Mizoram,3891,3246,3157,4,1444,3614,3314,3667,3308,3427,3225,63,1532,1401,498,3590,3547,2905,1773,1975,1800,773,715
25,Nagaland,2717,2016,2044,34,1148,2409,2077,2422,2055,2129,1895,353,1629,1385,1507,1855,1718,1727,858,715,1045,458,170
26,Odisha,61891,61355,58941,7900,55241,60305,59194,58401,57096,57570,56880,8960,21296,20087,45607,61815,61386,60976,32911,58510,55163,42704,40543
27,Puducherry,729,729,693,33,181,701,700,693,693,729,729,53,729,728,729,729,729,729,306,721,496,328,292
28,Punjab,27592,27110,26726,1661,21046,26998,26757,26555,26250,27577,27561,5496,27157,26538,18395,27575,27504,27549,5260,22697,21690,15778,15258
29,Rajasthan,106670,81872,89074,1830,29142,100737,91685,98038,88390,97411,96016,9548,51900,46270,70074,103803,95901,102510,32813,77494,71547,33457,23533
30,Sikkim,1250,1103,1140,60,564,1148,1143,1237,1230,1239,1228,145,1130,1082,570,1244,1232,1218,120,1103,512,286,306
31,Tamil Nadu,58150,58150,58150,58150,22354,56736,55536,48002,46869,58150,58150,1882,42869,42648,58150,58150,58150,58150,58150,58150,58150,58150,30338
32,Telangana,42476,39122,31936,1013,4632,39671,37301,36040,33405,40498,39293,2051,18449,17102,13125,41271,38731,38568,10268,33309,31097,13165,2377
33,Tripura,4912,3668,3866,45,1372,4389,3659,4460,3552,3098,2967,169,1811,1656,1475,4446,3985,4281,149,3641,3137,1789,478
34,Uttar Pradesh,251094,202445,196836,3864,51775,243880,233378,243608,232584,214251,209611,33440,67319,61130,87186,250542,242609,238118,43312,165852,190544,120576,96492
35,Uttarakhand,22618,21914,18877,303,16031,20915,19101,21067,18966,20853,20337,1900,15366,13822,16192,21823,20681,21862,3230,20434,16702,10330,2420
36,West Bengal,94402,83021,63297,372,9970,93304,93304,91522,91522,92167,91154,3863,19277,18888,14997,93987,93987,92333,3620,77122,73648,50258,28582
